"","mu","gamma_0","gamma_1","loglik","df","conv"
"1",1.53087358820408,4.8988285798613,0,-10.8332135675216,2,0
