"","mu","gamma_0","gamma_1","loglik","df","conv"
"1",1.27788205543098,5.51750403644124,0,-10.2315077083221,2,0
