"","mu","gamma_0","gamma_1","loglik","df","conv"
"1",47.0471913236121,119.756518169275,0,-22.5071827328088,2,0
