"","mu","gamma_0","gamma_1","loglik","df","conv"
"1",3.96177907884119,12.9915879627054,0,-116.355276029904,2,0
