"","mu","gamma_0","gamma_1","loglik","df","conv"
"1",42.5658381289777,136.210632776743,0,-10.8332148936252,2,0
