"","mu","gamma_0","gamma_1","loglik","df","conv"
"1",26.1099586308665,83.5518637092657,0,-10.8332148936249,2,0
