"","mu","gamma_0","gamma_1","loglik","df","conv"
"1",3.96165980816839,12.9912010699254,0,-116.355276029902,2,0
