"","mu","gamma_0","gamma_1","loglik","df","conv"
"1",1.27787327918419,5.51746622187458,0,-10.2315077083228,2,0
