"","mu","gamma_0","gamma_1","loglik","df","conv"
"1",46.4042020342557,118.119786745666,0,-22.5071827328085,2,0
