"","mu","gamma_0","gamma_1","loglik","df","conv"
"1",61.2179978537917,190.455988304988,0,-19.8340681063447,2,0
