"","mu","gamma_0","gamma_1","loglik","df","conv"
"1",8.25024909821537,26.4007970497813,0,-10.8332148936249,2,0
