"","mu","gamma_0","gamma_1","loglik","df","conv"
"1",0.0430389410490971,0.664741109747779,0,-4.7437429523634,2,0
