"","mu","gamma_0","gamma_1","loglik","df","conv"
"1",15.3493014920545,130.469063143614,0,-5.70027221352685,2,0
