"","mu","gamma_0","gamma_1","loglik","df","conv"
"1",3.96172824515476,12.9914311716021,0,-116.355276029911,2,0
