"","mu","gamma_0","gamma_1","loglik","df","conv"
"1",54.9596354964946,139.897231641979,0,-22.5071827328086,2,0
