"","mu","gamma_0","gamma_1","loglik","df","conv"
"1",35.1938259013374,112.620245896935,0,-10.8332148936249,2,0
