"","mu","gamma_0","gamma_1","loglik","df","conv"
"1",28.7129149919065,89.3179720015106,0,-19.8340681589036,2,0
