"","mu","gamma_0","gamma_1","loglik","df","conv"
"1",37.6186347036368,319.758399614986,0,-5.70027221352685,2,0
