"","mu","gamma_0","gamma_1","loglik","df","conv"
"1",43.4359878152133,138.995184339589,0,-10.833214893625,2,0
