"","mu","gamma_0","gamma_1","loglik","df","conv"
"1",30.6711820943027,78.0720775256458,0,-22.5071827328088,2,0
