"","mu","gamma_0","gamma_1","loglik","df","conv"
"1",51.1012217845022,163.523944329738,0,-10.833214893625,2,0
