"","mu","gamma_0","gamma_1","loglik","df","conv"
"1",3.96173192728349,12.9914122472422,0,-116.355276029926,2,0
