"","mu","gamma_0","gamma_1","loglik","df","conv"
"1",25.9707579968895,80.7979184078095,0,-19.8340681063447,2,0
