"","mu","gamma_0","gamma_1","loglik","df","conv"
"1",1.27786731991737,5.51742290059788,0,-10.2315077083649,2,0
