"","mu","gamma_0","gamma_1","loglik","df","conv"
"1",12.5033807243395,31.8267888795935,0,-22.5071827328111,2,0
