"","mu","gamma_0","gamma_1","loglik","df","conv"
"1",3.96162670191273,12.9910906939798,0,-116.355276029912,2,0
