"","mu","gamma_0","gamma_1","loglik","df","conv"
"1",3.96163261391255,12.9911129794879,0,-116.355276029914,2,0
