"","mu","gamma_0","gamma_1","loglik","df","conv"
"1",21.8586119020103,185.798196844309,0,-5.70027221352685,2,0
