"","mu","gamma_0","gamma_1","loglik","df","conv"
"1",58.3591062693118,181.561764209134,0,-19.8340681063457,2,0
