"","mu","gamma_0","gamma_1","loglik","df","conv"
"1",3.96173825831531,12.9914620291947,0,-116.355276029906,2,0
