"","mu","gamma_0","gamma_1","loglik","df","conv"
"1",6.03569213340953,19.3142165102625,0,-10.8332148936249,2,0
