"","mu","gamma_0","gamma_1","loglik","df","conv"
"1",27.8552475272246,70.9042630336116,0,-22.5071827328084,2,0
