"","mu","gamma_0","gamma_1","loglik","df","conv"
"1",6.31830869697485,53.7056219615948,0,-5.70027221352686,2,0
