"","mu","gamma_0","gamma_1","loglik","df","conv"
"1",13.9928102182921,118.938875822418,0,-5.70027221352686,2,0
