"","mu","gamma_0","gamma_1","loglik","df","conv"
"1",24.1105251624384,77.1536835230901,0,-10.8332148936249,2,0
