"","mu","gamma_0","gamma_1","loglik","df","conv"
"1",7.22786136547922,23.1291559396829,0,-10.8332148936249,2,0
