"","mu","gamma_0","gamma_1","loglik","df","conv"
"1",4.49884059607075,38.2401470705705,0,-5.70027221352686,2,0
