"","mu","gamma_0","gamma_1","loglik","df","conv"
"1",35.7124574409942,90.9044513177297,0,-22.5071827328086,2,0
