"","mu","gamma_0","gamma_1","loglik","df","conv"
"1",20.5760319998277,174.896294217462,0,-5.70027221352687,2,0
