"","mu","gamma_0","gamma_1","loglik","df","conv"
"1",4.5910782376514,39.0241640615948,0,-5.70027221352685,2,0
