"","mu","gamma_0","gamma_1","loglik","df","conv"
"1",63.0719834627029,160.546500061533,0,-22.5071827328291,2,0
