"","mu","gamma_0","gamma_1","loglik","df","conv"
"1",44.3359188139551,137.934096483373,0,-19.8340681063476,2,0
