"","mu","gamma_0","gamma_1","loglik","df","conv"
"1",32.0325928830161,102.504266378957,0,-10.8332148936251,2,0
