"","mu","gamma_0","gamma_1","loglik","df","conv"
"1",43.8902329360024,136.546954588445,0,-19.8340681063795,2,0
