"","mu","gamma_0","gamma_1","loglik","df","conv"
"1",25.2541148951841,214.659966418477,0,-5.70027221352686,2,0
