"","mu","gamma_0","gamma_1","loglik","df","conv"
"1",45.0789581922981,144.252669274694,0,-10.8332148936249,2,0
