"","mu","gamma_0","gamma_1","loglik","df","conv"
"1",34.3270181668922,109.849122710247,0,-10.8332148947457,2,0
