"","mu","gamma_0","gamma_1","loglik","df","conv"
"1",3.9617498982681,12.991473313694,0,-116.35527602992,2,0
