"","mu","gamma_0","gamma_1","loglik","df","conv"
"1",33.4675103820577,284.744686412919,0,-5.70027302363009,2,0
