"","mu","gamma_0","gamma_1","loglik","df","conv"
"1",3.96169325804884,12.9913283346767,0,-116.355276029962,2,0
