"","mu","gamma_0","gamma_1","loglik","df","conv"
"1",12.2912347572987,31.286782097267,0,-22.5071827328127,2,0
