"","mu","gamma_0","gamma_1","loglik","df","conv"
"1",3.96165081815442,12.991152337572,0,-116.355276029916,2,0
