"","mu","gamma_0","gamma_1","loglik","df","conv"
"1",3.96181151626866,12.9917074625058,0,-116.355276029951,2,0
