"","mu","gamma_0","gamma_1","loglik","df","conv"
"1",12.4809833919463,31.7697781757161,0,-22.5071827328113,2,0
