"","mu","gamma_0","gamma_1","loglik","df","conv"
"1",1.27784261270141,5.51734679387964,0,-10.2315077083383,2,0
