"","mu","gamma_0","gamma_1","loglik","df","conv"
"1",49.47063339495,125.925546082077,0,-22.5071827328305,2,0
