"","mu","gamma_0","gamma_1","loglik","df","conv"
"1",52.1327984430613,132.701670556473,0,-22.5071827328085,2,0
