"","mu","gamma_0","gamma_1","loglik","df","conv"
"1",3.96162342243849,12.9910730759776,0,-116.355276029911,2,0
