"","mu","gamma_0","gamma_1","loglik","df","conv"
"1",1.27785554562229,5.51738547490842,0,-10.2315077083443,2,0
