"","mu","gamma_0","gamma_1","loglik","df","conv"
"1",35.7725803917434,91.0574672244793,0,-22.5071827328085,2,0
