"","mu","gamma_0","gamma_1","loglik","df","conv"
"1",38.5415059832194,123.332473590561,0,-10.8332148936399,2,0
