"","mu","gamma_0","gamma_1","loglik","df","conv"
"1",3.96160225585851,12.9910496571561,0,-116.355276030144,2,0
