"","mu","gamma_0","gamma_1","loglik","df","conv"
"1",27.5212472227697,70.0540832081394,0,-22.5071827328085,2,0
