"","mu","gamma_0","gamma_1","loglik","df","conv"
"1",61.6273347735559,156.869580556952,0,-22.5071827328085,2,0
