"","mu","gamma_0","gamma_1","loglik","df","conv"
"1",1.27785018333573,5.51738168399492,0,-10.2315077083287,2,0
