"","mu","gamma_0","gamma_1","loglik","df","conv"
"1",38.3326792919482,325.827956635672,0,-5.70027221352714,2,0
