"","mu","gamma_0","gamma_1","loglik","df","conv"
"1",5.13764383436146,43.6699737317352,0,-5.70027221352685,2,0
