"","mu","gamma_0","gamma_1","loglik","df","conv"
"1",21.7602956530772,184.96250514677,0,-5.70027221352685,2,0
