"","mu","gamma_0","gamma_1","loglik","df","conv"
"1",38.0299147488026,323.254686513243,0,-5.70027221352831,2,0
