"","mu","gamma_0","gamma_1","loglik","df","conv"
"1",32.8473997311638,105.111679167082,0,-10.8332148936249,2,0
