"","mu","gamma_0","gamma_1","loglik","df","conv"
"1",32.802410136913,278.820469064973,0,-5.70027221352686,2,0
