"","mu","gamma_0","gamma_1","loglik","df","conv"
"1",3.96179639659443,12.9916512349838,0,-116.355276029922,2,0
