"","mu","gamma_0","gamma_1","loglik","df","conv"
"1",24.8123876766866,77.1940961408802,0,-19.8340681063447,2,0
