"","mu","gamma_0","gamma_1","loglik","df","conv"
"1",34.3331793948547,106.814214807109,0,-19.834068106349,2,0
