"","mu","gamma_0","gamma_1","loglik","df","conv"
"1",3.96165733097085,12.9911880451225,0,-116.355276029898,2,0
