"","mu","gamma_0","gamma_1","loglik","df","conv"
"1",29.5691970569969,94.6214284009006,0,-10.8332148936249,2,0
