"","mu","gamma_0","gamma_1","loglik","df","conv"
"1",52.0516813217569,161.938385146032,0,-19.8340681063488,2,0
