"","mu","gamma_0","gamma_1","loglik","df","conv"
"1",27.2644527664011,69.4004301635936,0,-22.5071827328085,2,0
