"","mu","gamma_0","gamma_1","loglik","df","conv"
"1",27.9060999919069,86.8189714898671,0,-19.8340681063447,2,0
