"","mu","gamma_0","gamma_1","loglik","df","conv"
"1",24.0434822287751,76.9391407680649,0,-10.8332148936249,2,0
