"","mu","gamma_0","gamma_1","loglik","df","conv"
"1",34.260296996544,291.212552170207,0,-5.70027221352686,2,0
