"","mu","gamma_0","gamma_1","loglik","df","conv"
"1",31.6580133397402,80.5840381346145,0,-22.5071827328085,2,0
