"","mu","gamma_0","gamma_1","loglik","df","conv"
"1",3.96170506592731,12.9913659862864,0,-116.355276029955,2,0
