"","mu","gamma_0","gamma_1","loglik","df","conv"
"1",27.8305031347403,236.55912265081,0,-5.70027221352723,2,0
