"","mu","gamma_0","gamma_1","loglik","df","conv"
"1",1.27785965760847,5.51742336839383,0,-10.2315077083225,2,0
