"","mu","gamma_0","gamma_1","loglik","df","conv"
"1",47.2341632450043,401.488838249838,0,-5.70027221354019,2,0
