"","mu","gamma_0","gamma_1","loglik","df","conv"
"1",49.6688963664058,158.940547955968,0,-10.8332148936254,2,0
