"","mu","gamma_0","gamma_1","loglik","df","conv"
"1",3.96179127372348,12.9916249686727,0,-116.355276029908,2,0
