"","mu","gamma_0","gamma_1","loglik","df","conv"
"1",34.325138884397,87.3730337524602,0,-22.5071827328096,2,0
