"","mu","gamma_0","gamma_1","loglik","df","conv"
"1",1.27785039462724,5.51738856223229,0,-10.23150770833,2,0
