"","mu","gamma_0","gamma_1","loglik","df","conv"
"1",9.4955789702319,29.54180228219,0,-19.8340681063535,2,0
