"","mu","gamma_0","gamma_1","loglik","df","conv"
"1",17.6589875975924,56.5087598505434,0,-10.8332148936249,2,0
