"","mu","gamma_0","gamma_1","loglik","df","conv"
"1",23.7706418718284,76.0660546157395,0,-10.8332148936249,2,0
