"","mu","gamma_0","gamma_1","loglik","df","conv"
"1",32.2088508370584,100.205307835553,0,-19.8340681063447,2,0
