"","mu","gamma_0","gamma_1","loglik","df","conv"
"1",27.8524625740404,89.127878982752,0,-10.8332148936249,2,0
