"","mu","gamma_0","gamma_1","loglik","df","conv"
"1",24.8008323395267,77.1581410121094,0,-19.8340681063447,2,0
