"","mu","gamma_0","gamma_1","loglik","df","conv"
"1",38.8277101181678,98.8341721634977,0,-22.5071827328085,2,0
