"","mu","gamma_0","gamma_1","loglik","df","conv"
"1",45.6175471266222,116.117390073252,0,-22.5071827328085,2,0
