"","mu","gamma_0","gamma_1","loglik","df","conv"
"1",1.27788399974287,5.51750848100325,0,-10.2315077083258,2,0
