"","mu","gamma_0","gamma_1","loglik","df","conv"
"1",10.224681188921,32.7189804832762,0,-10.8332148936249,2,0
