"","mu","gamma_0","gamma_1","loglik","df","conv"
"1",12.5303688428133,31.8954876505221,0,-22.507182732811,2,0
