"","mu","gamma_0","gamma_1","loglik","df","conv"
"1",25.3456847457668,64.5162898173512,0,-22.5071827328085,2,0
