"","mu","gamma_0","gamma_1","loglik","df","conv"
"1",1.27788078002016,5.51748376386707,0,-10.2315077083452,2,0
