"","mu","gamma_0","gamma_1","loglik","df","conv"
"1",39.2900932851755,100.011147951392,0,-22.5071827328085,2,0
