"","mu","gamma_0","gamma_1","loglik","df","conv"
"1",1.27786203634587,5.51742582435096,0,-10.2315077083218,2,0
