"","mu","gamma_0","gamma_1","loglik","df","conv"
"1",26.8226302726684,227.99235484908,0,-5.70027221352685,2,0
