"","mu","gamma_0","gamma_1","loglik","df","conv"
"1",40.5307678539291,129.698530739041,0,-10.8332148936256,2,0
