"","mu","gamma_0","gamma_1","loglik","df","conv"
"1",9.7533291448803,30.3436931981879,0,-19.8340681063491,2,0
