"","mu","gamma_0","gamma_1","loglik","df","conv"
"1",37.9966552035053,322.971545723491,0,-5.70027221352686,2,0
