"","mu","gamma_0","gamma_1","loglik","df","conv"
"1",9.57275915719723,29.7819207576384,0,-19.8340681063519,2,0
