"","mu","gamma_0","gamma_1","loglik","df","conv"
"1",44.8477742194623,114.157967623361,0,-22.5071827328085,2,0
