"","mu","gamma_0","gamma_1","loglik","df","conv"
"1",3.96175540869243,12.991491427336,0,-116.355276029921,2,0
