"","mu","gamma_0","gamma_1","loglik","df","conv"
"1",9.76287824209608,30.3733980205807,0,-19.834068106349,2,0
