"","mu","gamma_0","gamma_1","loglik","df","conv"
"1",1.27787491969115,5.51748744839005,0,-10.2315077083208,2,0
