"","mu","gamma_0","gamma_1","loglik","df","conv"
"1",35.7797333169172,111.314524787446,0,-19.8340681063558,2,0
