"","mu","gamma_0","gamma_1","loglik","df","conv"
"1",3.96167657223661,12.9912256561961,0,-116.355276029953,2,0
