"","mu","gamma_0","gamma_1","loglik","df","conv"
"1",49.8009635603883,423.308184443032,0,-5.70027221352685,2,0
