"","mu","gamma_0","gamma_1","loglik","df","conv"
"1",17.9090739649298,152.227133148745,0,-5.70027221352685,2,0
