"","mu","gamma_0","gamma_1","loglik","df","conv"
"1",12.4676833112797,31.7359238272199,0,-22.5071827328114,2,0
