"","mu","gamma_0","gamma_1","loglik","df","conv"
"1",42.5549045316707,132.393038144334,0,-19.8340681063447,2,0
