"","mu","gamma_0","gamma_1","loglik","df","conv"
"1",40.4452210048205,125.829602875822,0,-19.8340681063448,2,0
