"","mu","gamma_0","gamma_1","loglik","df","conv"
"1",3.96164449771373,12.9911073078819,0,-116.355276030052,2,0
