"","mu","gamma_0","gamma_1","loglik","df","conv"
"1",1.27786045881574,5.51742753073027,0,-10.2315077083225,2,0
