"","mu","gamma_0","gamma_1","loglik","df","conv"
"1",3.96168931774471,12.9913034181476,0,-116.35527602991,2,0
