"","mu","gamma_0","gamma_1","loglik","df","conv"
"1",37.280012341302,316.880117201082,0,-5.70027221352686,2,0
