"","mu","gamma_0","gamma_1","loglik","df","conv"
"1",1.27785067954596,5.51738474594353,0,-10.2315077083283,2,0
