"","mu","gamma_0","gamma_1","loglik","df","conv"
"1",45.8238297949925,142.563109993071,0,-19.8340681063459,2,0
