"","mu","gamma_0","gamma_1","loglik","df","conv"
"1",3.96184873194398,12.991845314626,0,-116.355276030068,2,0
