"","mu","gamma_0","gamma_1","loglik","df","conv"
"1",1.27784907978165,5.51737312482543,0,-10.2315077083312,2,0
