"","mu","gamma_0","gamma_1","loglik","df","conv"
"1",18.404309173671,46.8473334675615,0,-22.5071827328085,2,0
