"","mu","gamma_0","gamma_1","loglik","df","conv"
"1",39.1826214813842,121.901542842879,0,-19.8340681063453,2,0
