"","mu","gamma_0","gamma_1","loglik","df","conv"
"1",43.779993696561,140.095971173566,0,-10.8332148936249,2,0
