"","mu","gamma_0","gamma_1","loglik","df","conv"
"1",1.27788656554994,5.51752726395576,0,-10.2315077083222,2,0
