"","mu","gamma_0","gamma_1","loglik","df","conv"
"1",12.4017917265842,31.5681982945134,0,-22.5071827328118,2,0
