"","mu","gamma_0","gamma_1","loglik","df","conv"
"1",1.27787119759278,5.51744517672619,0,-10.2315077083449,2,0
