"","mu","gamma_0","gamma_1","loglik","df","conv"
"1",1.27786226373773,5.51744284542913,0,-10.2315077083292,2,0
