"","mu","gamma_0","gamma_1","loglik","df","conv"
"1",32.6320596823451,101.521947674144,0,-19.8340681063448,2,0
