"","mu","gamma_0","gamma_1","loglik","df","conv"
"1",1.27786074413367,5.51741715604948,0,-10.2315077083248,2,0
