"","mu","gamma_0","gamma_1","loglik","df","conv"
"1",1.27788982420359,5.51754388690362,0,-10.2315077083247,2,0
