"","mu","gamma_0","gamma_1","loglik","df","conv"
"1",6.05806423162592,51.4935447056343,0,-5.70027221352685,2,0
