"","mu","gamma_0","gamma_1","loglik","df","conv"
"1",7.62884479654684,24.412303184371,0,-10.8332148936249,2,0
