"","mu","gamma_0","gamma_1","loglik","df","conv"
"1",3.96172205850306,12.9913774363422,0,-116.355276029936,2,0
