"","mu","gamma_0","gamma_1","loglik","df","conv"
"1",1.27789094923892,5.51754656888254,0,-10.231507708325,2,0
