"","mu","gamma_0","gamma_1","loglik","df","conv"
"1",4.89699115095296,41.6244229984241,0,-5.70027221352685,2,0
