"","mu","gamma_0","gamma_1","loglik","df","conv"
"1",1.27787852318947,5.51749988512509,0,-10.2315077083202,2,0
