"","mu","gamma_0","gamma_1","loglik","df","conv"
"1",8.12061767926741,25.985975756462,0,-10.8332148936249,2,0
