"","mu","gamma_0","gamma_1","loglik","df","conv"
"1",46.5111561695279,148.835626331341,0,-10.8332148936254,2,0
