"","mu","gamma_0","gamma_1","loglik","df","conv"
"1",35.137421145408,109.316471728122,0,-19.8340681063454,2,0
