"","mu","gamma_0","gamma_1","loglik","df","conv"
"1",3.96177837054883,12.9915603380208,0,-116.355276029955,2,0
