"","mu","gamma_0","gamma_1","loglik","df","conv"
"1",10.5245523325388,32.7430527801535,0,-19.8340681063452,2,0
