"","mu","gamma_0","gamma_1","loglik","df","conv"
"1",38.6169621972925,98.2976944004468,0,-22.5071827328088,2,0
