"","mu","gamma_0","gamma_1","loglik","df","conv"
"1",59.1913434486713,189.412310381307,0,-10.8332148936249,2,0
