"","mu","gamma_0","gamma_1","loglik","df","conv"
"1",3.96162672982689,12.9910805933917,0,-116.355276029911,2,0
