"","mu","gamma_0","gamma_1","loglik","df","conv"
"1",12.4686605890338,31.7384123068847,0,-22.5071827328114,2,0
