"","mu","gamma_0","gamma_1","loglik","df","conv"
"1",1.27785528893588,5.51739916025532,0,-10.2315077083255,2,0
