"","mu","gamma_0","gamma_1","loglik","df","conv"
"1",1.27786356460376,5.51744595226613,0,-10.231507708326,2,0
