"","mu","gamma_0","gamma_1","loglik","df","conv"
"1",1.27786920691733,5.51745062425042,0,-10.2315077083224,2,0
