"","mu","gamma_0","gamma_1","loglik","df","conv"
"1",23.9377862908077,74.4731086850275,0,-19.8340681063447,2,0
