"","mu","gamma_0","gamma_1","loglik","df","conv"
"1",3.96176887670276,12.9915350970813,0,-116.355276029927,2,0
