"","mu","gamma_0","gamma_1","loglik","df","conv"
"1",9.84892202149648,30.6410935037637,0,-19.8340681063481,2,0
