"","mu","gamma_0","gamma_1","loglik","df","conv"
"1",35.1184550926924,112.379054615456,0,-10.8332148936249,2,0
