"","mu","gamma_0","gamma_1","loglik","df","conv"
"1",49.4350963899436,153.798051935916,0,-19.8340681063448,2,0
