"","mu","gamma_0","gamma_1","loglik","df","conv"
"1",3.96174136485303,12.991444980891,0,-116.35527602992,2,0
