"","mu","gamma_0","gamma_1","loglik","df","conv"
"1",3.96174191964296,12.9914640446209,0,-116.355276029892,2,0
