"","mu","gamma_0","gamma_1","loglik","df","conv"
"1",17.6206509610015,54.8198033312206,0,-19.8340681063447,2,0
