"","mu","gamma_0","gamma_1","loglik","df","conv"
"1",1.27789744245468,5.51756303395393,0,-10.2315077083342,2,0
