"","mu","gamma_0","gamma_1","loglik","df","conv"
"1",9.81050427309724,30.5215700970478,0,-19.8340681063485,2,0
