"","mu","gamma_0","gamma_1","loglik","df","conv"
"1",14.7786792392606,125.618766239119,0,-5.70027221352686,2,0
