"","mu","gamma_0","gamma_1","loglik","df","conv"
"1",43.4091591333748,368.977843589495,0,-5.70027221352685,2,0
