"","mu","gamma_0","gamma_1","loglik","df","conv"
"1",43.3175835372095,110.262918861915,0,-22.5071827328086,2,0
