"","mu","gamma_0","gamma_1","loglik","df","conv"
"1",1.27785078741567,5.51739266062208,0,-10.2315077083316,2,0
