"","mu","gamma_0","gamma_1","loglik","df","conv"
"1",46.6191910210517,145.036735139289,0,-19.8340681064353,2,0
