"","mu","gamma_0","gamma_1","loglik","df","conv"
"1",44.0324832701945,374.276076390333,0,-5.70027221352686,2,0
