"","mu","gamma_0","gamma_1","loglik","df","conv"
"1",1.27787584062891,5.5175000544632,0,-10.2315077083318,2,0
