"","mu","gamma_0","gamma_1","loglik","df","conv"
"1",1.27789620349182,5.51754636519032,0,-10.2315077083522,2,0
