"","mu","gamma_0","gamma_1","loglik","df","conv"
"1",59.706134018334,191.058003887582,0,-10.8332148937627,2,0
