"","mu","gamma_0","gamma_1","loglik","df","conv"
"1",117.404593667182,35.015404387182,0,-39.1891206010236,2,0
