"","mu","gamma_0","gamma_1","loglik","df","conv"
"1",193.231041427198,33.2440504757328,0,-44.7705995633274,2,0
