"","mu","gamma_0","gamma_1","loglik","df","conv"
"1",247.936442966887,42.65581868293,0,-44.7705995633555,2,0
