"","mu","gamma_0","gamma_1","loglik","df","conv"
"1",0.576278404743887,0.1885634198763,0,-38.7136154483097,2,0
