"","mu","gamma_0","gamma_1","loglik","df","conv"
"1",3351.17510280185,965.714593481277,0,-39.7028546868628,2,0
