"","mu","gamma_0","gamma_1","loglik","df","conv"
"1",50.0291857359495,12.1832911452652,0,-70.040308239108,2,0
