"","mu","gamma_0","gamma_1","loglik","df","conv"
"1",7.07841383623109,1.61087853394025,0,-72.41278102841,2,0
