"","mu","gamma_0","gamma_1","loglik","df","conv"
"1",11.153305791696,2.71528346410519,0,-70.0287762102317,2,0
