"","mu","gamma_0","gamma_1","loglik","df","conv"
"1",18492.8642084709,4142.40152102305,0,-72.1229113447895,2,0
