"","mu","gamma_0","gamma_1","loglik","df","conv"
"1",106.968396870923,31.9028521436575,0,-39.1891206010237,2,0
