"","mu","gamma_0","gamma_1","loglik","df","conv"
"1",82.1841319019137,24.5110558333578,0,-39.1891206010215,2,0
