"","mu","gamma_0","gamma_1","loglik","df","conv"
"1",11221.1570559015,2513.57405277175,0,-72.1229113639,2,0
