"","mu","gamma_0","gamma_1","loglik","df","conv"
"1",11.1532053357328,2.71526114075313,0,-70.0287762102301,2,0
