"","mu","gamma_0","gamma_1","loglik","df","conv"
"1",11.1530872439007,2.71523005372321,0,-70.028776210241,2,0
