"","mu","gamma_0","gamma_1","loglik","df","conv"
"1",231.190803863707,39.7747684982271,0,-44.7705995633276,2,0
