"","mu","gamma_0","gamma_1","loglik","df","conv"
"1",107.091530463112,31.9395786161174,0,-39.1891206010235,2,0
