"","mu","gamma_0","gamma_1","loglik","df","conv"
"1",11.153178573925,2.71525356861968,0,-70.0287762102314,2,0
