"","mu","gamma_0","gamma_1","loglik","df","conv"
"1",166.799059451228,49.7467671951832,0,-39.1891206012957,2,0
