"","mu","gamma_0","gamma_1","loglik","df","conv"
"1",6364.63492282287,1138.25826088598,0,-459.451963106198,2,0
