"","mu","gamma_0","gamma_1","loglik","df","conv"
"1",17576.3119100558,3937.09459340159,0,-72.1229113447908,2,0
