"","mu","gamma_0","gamma_1","loglik","df","conv"
"1",6376.99586204893,1140.50500375986,0,-459.451963112737,2,0
