"","mu","gamma_0","gamma_1","loglik","df","conv"
"1",0.576291484356919,0.188567831556508,0,-38.7136154483905,2,0
