"","mu","gamma_0","gamma_1","loglik","df","conv"
"1",42.3811811468598,7.29162471145981,0,-44.7705995670494,2,0
