"","mu","gamma_0","gamma_1","loglik","df","conv"
"1",1.29925876685929,0.235686109996527,0,-44.356247172269,2,0
