"","mu","gamma_0","gamma_1","loglik","df","conv"
"1",0.576283749639501,0.188564979213136,0,-38.7136154483323,2,0
