"","mu","gamma_0","gamma_1","loglik","df","conv"
"1",3356.0505245633,967.175769453343,0,-39.7028545488408,2,0
