"","mu","gamma_0","gamma_1","loglik","df","conv"
"1",11.1533195325992,2.71529139024825,0,-70.0287762102397,2,0
