"","mu","gamma_0","gamma_1","loglik","df","conv"
"1",17464.2920999177,3912.00089453675,0,-72.1229113447909,2,0
