"","mu","gamma_0","gamma_1","loglik","df","conv"
"1",7.07842287996406,1.61088192025893,0,-72.4127810284128,2,0
