"","mu","gamma_0","gamma_1","loglik","df","conv"
"1",191.992210444468,33.0308951850617,0,-44.7705995633306,2,0
