"","mu","gamma_0","gamma_1","loglik","df","conv"
"1",3379.50127959651,973.999919012562,0,-39.7028545562957,2,0
