"","mu","gamma_0","gamma_1","loglik","df","conv"
"1",6334.94170028539,1132.98373544186,0,-459.45196309065,2,0
