"","mu","gamma_0","gamma_1","loglik","df","conv"
"1",11.1535859567247,2.71535402395642,0,-70.028776210232,2,0
