"","mu","gamma_0","gamma_1","loglik","df","conv"
"1",69.9893543208851,12.0412366236371,0,-44.7705995634824,2,0
