"","mu","gamma_0","gamma_1","loglik","df","conv"
"1",3363.33706563485,969.497894582361,0,-39.7028546544816,2,0
