"","mu","gamma_0","gamma_1","loglik","df","conv"
"1",89.9304458221958,15.4719052866584,0,-44.7705995633274,2,0
