"","mu","gamma_0","gamma_1","loglik","df","conv"
"1",11.1535931001533,2.71535674268251,0,-70.0287762102359,2,0
