"","mu","gamma_0","gamma_1","loglik","df","conv"
"1",3359.96183914915,968.325153395763,0,-39.702854499601,2,0
