"","mu","gamma_0","gamma_1","loglik","df","conv"
"1",274.563964268585,47.2375710249725,0,-44.7705995650942,2,0
