"","mu","gamma_0","gamma_1","loglik","df","conv"
"1",7.07840249882955,1.61087713753738,0,-72.4127810284142,2,0
