"","mu","gamma_0","gamma_1","loglik","df","conv"
"1",11.1535525367009,2.71534467215436,0,-70.0287762102304,2,0
