"","mu","gamma_0","gamma_1","loglik","df","conv"
"1",125.617532997806,37.4648761947902,0,-39.1891206010236,2,0
