"","mu","gamma_0","gamma_1","loglik","df","conv"
"1",0.576279089916805,0.188563119940557,0,-38.7136154484057,2,0
