"","mu","gamma_0","gamma_1","loglik","df","conv"
"1",3359.80545387771,968.389829913322,0,-39.7028545224937,2,0
