"","mu","gamma_0","gamma_1","loglik","df","conv"
"1",11.1536240550981,2.71536122268874,0,-70.0287762102361,2,0
