"","mu","gamma_0","gamma_1","loglik","df","conv"
"1",7.07853244268649,1.61090476509638,0,-72.4127810284076,2,0
