"","mu","gamma_0","gamma_1","loglik","df","conv"
"1",11.1531794947403,2.71525123493798,0,-70.0287762102463,2,0
