"","mu","gamma_0","gamma_1","loglik","df","conv"
"1",15491.4402596593,3470.08442401211,0,-72.1229113448192,2,0
