"","mu","gamma_0","gamma_1","loglik","df","conv"
"1",3363.32636088852,969.458038273722,0,-39.7028545809659,2,0
