"","mu","gamma_0","gamma_1","loglik","df","conv"
"1",15843.9775468388,3549.05393459828,0,-72.122911344813,2,0
