"","mu","gamma_0","gamma_1","loglik","df","conv"
"1",6346.73814736464,1135.03997229226,0,-459.451963154741,2,0
