"","mu","gamma_0","gamma_1","loglik","df","conv"
"1",193.654703476299,33.3169428354759,0,-44.7705995633276,2,0
