"","mu","gamma_0","gamma_1","loglik","df","conv"
"1",11.1534541140274,2.71532209419229,0,-70.0287762102285,2,0
