"","mu","gamma_0","gamma_1","loglik","df","conv"
"1",0.576287914022117,0.18856691313606,0,-38.7136154483741,2,0
