"","mu","gamma_0","gamma_1","loglik","df","conv"
"1",181.626974567456,54.1694162363953,0,-39.1891206010259,2,0
