"","mu","gamma_0","gamma_1","loglik","df","conv"
"1",11.1531682131019,2.71525219073395,0,-70.0287762102316,2,0
