"","mu","gamma_0","gamma_1","loglik","df","conv"
"1",7.07858435290629,1.61091602532828,0,-72.4127810284162,2,0
