"","mu","gamma_0","gamma_1","loglik","df","conv"
"1",14279.348678896,3198.5652258933,0,-72.1229113450442,2,0
