"","mu","gamma_0","gamma_1","loglik","df","conv"
"1",1.29923105207582,0.235684505592097,0,-44.3562471729356,2,0
