"","mu","gamma_0","gamma_1","loglik","df","conv"
"1",7.07841941804237,1.61088053297118,0,-72.4127810284095,2,0
