"","mu","gamma_0","gamma_1","loglik","df","conv"
"1",11.1531583041054,2.71524831569586,0,-70.028776210233,2,0
