"","mu","gamma_0","gamma_1","loglik","df","conv"
"1",3376.10003341668,973.190976787999,0,-39.7028547448868,2,0
