"","mu","gamma_0","gamma_1","loglik","df","conv"
"1",15673.3670383108,3510.83082176112,0,-72.1229113448204,2,0
