"","mu","gamma_0","gamma_1","loglik","df","conv"
"1",7.07849138299754,1.6108974435419,0,-72.4127810284073,2,0
