"","mu","gamma_0","gamma_1","loglik","df","conv"
"1",11.1531555234038,2.71524873852433,0,-70.0287762102318,2,0
