"","mu","gamma_0","gamma_1","loglik","df","conv"
"1",156.428681517517,46.6567596121948,0,-39.1891206212232,2,0
