"","mu","gamma_0","gamma_1","loglik","df","conv"
"1",11.1535189707797,2.71533704696621,0,-70.0287762102289,2,0
