"","mu","gamma_0","gamma_1","loglik","df","conv"
"1",3376.88600057914,973.203749678083,0,-39.7028545326298,2,0
