"","mu","gamma_0","gamma_1","loglik","df","conv"
"1",160.320568929524,47.8149056367055,0,-39.1891206010236,2,0
