"","test","pool","clade","metric","mean.of.diff","t.value","df","p.value","conf.low","conf.high"
"1","Pools","Ecrins_Summits","Spermatophyta","mntd",-1.42880887784262,-7.72022390307932,14,2.067e-06,-1.82575206229525,"-1.03186569338999"
"2","Pools","Ecrins_Summits","Spermatophyta","mpd",-0.293791047074336,-12.8793864795156,14,4e-09,-0.342715669982163,"-0.244866424166509"
"3","Pools","Ecrins_LGM","Spermatophyta","mntd",-1.77410981552311,-6.75953715483546,14,9.177e-06,-2.33703106709376,"-1.21118856395246"
"4","Pools","Ecrins_LGM","Spermatophyta","mpd",-1.01226521790991,-3.62572487465229,14,0.002754282,-1.61106767509403,"-0.413462760725786"
"5","Pools","Ecrins_Summits","Clades","mntd",-0.407550738402743,-6.58088104898324,67,8e-09,-0.531162557623626,"-0.28393891918186"
"6","Pools","Ecrins_Summits","Clades","mpd",-0.352223181171525,-5.64282203812932,67,3.66e-07,-0.476813396377531,"-0.227632965965518"
"7","Pools","Ecrins_LGM","Clades","mntd",-0.470233971483178,-7.51106258326256,66,0,-0.595229923206182,"-0.345238019760174"
"8","Pools","Ecrins_LGM","Clades","mpd",-0.43526127255184,-6.2954372999051,66,2.8e-08,-0.573302067547607,"-0.297220477556072"
