"","mu","gamma_0","gamma_1","loglik","df","conv"
"1",152.93693378712,26.3116978270876,0,-44.770599563338,2,0
