"","mu","gamma_0","gamma_1","loglik","df","conv"
"1",3376.61194983366,973.104844819927,0,-39.702854541773,2,0
