"","mu","gamma_0","gamma_1","loglik","df","conv"
"1",3352.08594906706,966.142679519374,0,-39.7028545808148,2,0
