"","mu","gamma_0","gamma_1","loglik","df","conv"
"1",128.064192934831,22.0325480755821,0,-44.7705995633274,2,0
