"","mu","gamma_0","gamma_1","loglik","df","conv"
"1",3360.11446502722,968.626139379155,0,-39.7028548166928,2,0
