"","mu","gamma_0","gamma_1","loglik","df","conv"
"1",3355.11438102534,967.025103617829,0,-39.7028545503039,2,0
