"","mu","gamma_0","gamma_1","loglik","df","conv"
"1",6334.09360717043,1132.84062212179,0,-459.451963108899,2,0
