"","mu","gamma_0","gamma_1","loglik","df","conv"
"1",11.1534698929309,2.71532532378026,0,-70.0287762102277,2,0
