"","mu","gamma_0","gamma_1","loglik","df","conv"
"1",6322.03117554625,1130.67313124202,0,-459.451963108133,2,0
