"","mu","gamma_0","gamma_1","loglik","df","conv"
"1",111.478873984416,33.248087359023,0,-39.1891206010236,2,0
