"","mu","gamma_0","gamma_1","loglik","df","conv"
"1",3369.03218779218,970.896797198069,0,-39.7028545173735,2,0
