"","mu","gamma_0","gamma_1","loglik","df","conv"
"1",6353.90050077777,1136.35293504549,0,-459.451963075906,2,0
