"","mu","gamma_0","gamma_1","loglik","df","conv"
"1",260.473844857068,44.81275113517,0,-44.7705995633348,2,0
