"","mu","gamma_0","gamma_1","loglik","df","conv"
"1",253.732516972956,43.6529432763219,0,-44.7705995633324,2,0
