"","mu","gamma_0","gamma_1","loglik","df","conv"
"1",3376.3405104633,973.217466975842,0,-39.7028546523129,2,0
