"","mu","gamma_0","gamma_1","loglik","df","conv"
"1",11.1535646176777,2.71534793234684,0,-70.0287762102305,2,0
