"","mu","gamma_0","gamma_1","loglik","df","conv"
"1",11.1531244238416,2.71524402997241,0,-70.028776210247,2,0
