"","mu","gamma_0","gamma_1","loglik","df","conv"
"1",15701.9521054659,3517.24108618852,0,-72.1229113448222,2,0
