"","mu","gamma_0","gamma_1","loglik","df","conv"
"1",14952.4356551929,3349.34801661304,0,-72.1229113448558,2,0
