"","mu","gamma_0","gamma_1","loglik","df","conv"
"1",226.155606789367,38.9084903233179,0,-44.7705995633274,2,0
