"","mu","gamma_0","gamma_1","loglik","df","conv"
"1",3351.68014912105,966.102628615634,0,-39.7028546754886,2,0
