"","mu","gamma_0","gamma_1","loglik","df","conv"
"1",6360.87432508336,1137.62355629079,0,-459.451963092169,2,0
