"","mu","gamma_0","gamma_1","loglik","df","conv"
"1",91.6739459680453,27.3413504151461,0,-39.1891206010235,2,0
