"","mu","gamma_0","gamma_1","loglik","df","conv"
"1",7.07838301173092,1.61087289798498,0,-72.4127810284187,2,0
