"","mu","gamma_0","gamma_1","loglik","df","conv"
"1",3361.13062884135,968.88977033035,0,-39.7028547290677,2,0
