"","mu","gamma_0","gamma_1","loglik","df","conv"
"1",60.5862802852096,10.4234456594963,0,-44.7705995633262,2,0
