"","mu","gamma_0","gamma_1","loglik","df","conv"
"1",6369.08572334106,1139.07040561686,0,-459.45196308888,2,0
