"","mu","gamma_0","gamma_1","loglik","df","conv"
"1",157.155156543204,46.8708010977874,0,-39.1891206010272,2,0
