"","mu","gamma_0","gamma_1","loglik","df","conv"
"1",6332.5867256896,1132.59571994542,0,-459.451963204694,2,0
