"","mu","gamma_0","gamma_1","loglik","df","conv"
"1",216.158904627808,37.1886279956292,0,-44.7705995633274,2,0
