"","mu","gamma_0","gamma_1","loglik","df","conv"
"1",11.1536032406142,2.71535790899529,0,-70.0287762102323,2,0
