"","mu","gamma_0","gamma_1","loglik","df","conv"
"1",81.9937371032302,24.4542724757161,0,-39.1891206010213,2,0
