"","mu","gamma_0","gamma_1","loglik","df","conv"
"1",15248.2398484173,3415.61105492301,0,-72.1229113448558,2,0
