"","mu","gamma_0","gamma_1","loglik","df","conv"
"1",11.1530254992507,2.71521986335486,0,-70.0287762102524,2,0
