"","mu","gamma_0","gamma_1","loglik","df","conv"
"1",3377.32450510175,973.313650587889,0,-39.7028545465572,2,0
