"","mu","gamma_0","gamma_1","loglik","df","conv"
"1",0.576284270981384,0.188566043906739,0,-38.71361544839,2,0
