"","mu","gamma_0","gamma_1","loglik","df","conv"
"1",11.153597923467,2.71535606870041,0,-70.0287762102319,2,0
