"","mu","gamma_0","gamma_1","loglik","df","conv"
"1",16708.7790311764,3742.76760449564,0,-72.1229113447946,2,0
