"","mu","gamma_0","gamma_1","loglik","df","conv"
"1",13498.7759853145,3023.73076286154,0,-72.122911345362,2,0
