"","mu","gamma_0","gamma_1","loglik","df","conv"
"1",11.1532231673634,2.71526297534022,0,-70.0287762102358,2,0
