"","mu","gamma_0","gamma_1","loglik","df","conv"
"1",6356.97508384189,1136.89004109613,0,-459.451963095793,2,0
