"","mu","gamma_0","gamma_1","loglik","df","conv"
"1",96.1175057647132,28.6666253670447,0,-39.1891206010236,2,0
