"","mu","gamma_0","gamma_1","loglik","df","conv"
"1",148.907805727436,44.4111116606063,0,-39.1891206010241,2,0
