"","mu","gamma_0","gamma_1","loglik","df","conv"
"1",167.940855742742,50.0876214791124,0,-39.1891206010236,2,0
