"","mu","gamma_0","gamma_1","loglik","df","conv"
"1",6353.97024793842,1136.35672446349,0,-459.451963086549,2,0
