"","mu","gamma_0","gamma_1","loglik","df","conv"
"1",11.1532734741589,2.7152792007922,0,-70.0287762102334,2,0
