"","mu","gamma_0","gamma_1","loglik","df","conv"
"1",136.362045533797,40.6693837078352,0,-39.1891206010236,2,0
