"","mu","gamma_0","gamma_1","loglik","df","conv"
"1",17574.8803056287,3936.77396830273,0,-72.122911344791,2,0
