"","mu","gamma_0","gamma_1","loglik","df","conv"
"1",11.1535129105093,2.71533389668371,0,-70.0287762102329,2,0
