"","mu","gamma_0","gamma_1","loglik","df","conv"
"1",3352.35139299573,966.231939437404,0,-39.7028545861931,2,0
