"","mu","gamma_0","gamma_1","loglik","df","conv"
"1",239.442782938263,41.1944590140432,0,-44.7705995633274,2,0
