"","mu","gamma_0","gamma_1","loglik","df","conv"
"1",11.1534459608059,2.71532151199797,0,-70.0287762102349,2,0
