"","mu","gamma_0","gamma_1","loglik","df","conv"
"1",153.295153347785,26.3733573672105,0,-44.7705995633274,2,0
