"","mu","gamma_0","gamma_1","loglik","df","conv"
"1",11.153297892776,2.71528441288498,0,-70.0287762102295,2,0
