"","mu","gamma_0","gamma_1","loglik","df","conv"
"1",11.1529949736091,2.71520945066809,0,-70.0287762102417,2,0
