"","mu","gamma_0","gamma_1","loglik","df","conv"
"1",3375.01174209873,972.61912704327,0,-39.7028545498124,2,0
