"","mu","gamma_0","gamma_1","loglik","df","conv"
"1",84.2612926940627,25.1305606308512,0,-39.1891206010225,2,0
