"","mu","gamma_0","gamma_1","loglik","df","conv"
"1",11.1531766542814,2.7152571982808,0,-70.0287762102491,2,0
