"","mu","gamma_0","gamma_1","loglik","df","conv"
"1",147.918223407876,44.1159595822738,0,-39.1891206010236,2,0
