"","mu","gamma_0","gamma_1","loglik","df","conv"
"1",6330.82577937698,1132.24401120544,0,-459.451963090644,2,0
