"","mu","gamma_0","gamma_1","loglik","df","conv"
"1",81.5438904578676,24.3201060407004,0,-39.189120601021,2,0
