"","mu","gamma_0","gamma_1","loglik","df","conv"
"1",245.393393399393,42.2182166514102,0,-44.7705995633274,2,0
