"","mu","gamma_0","gamma_1","loglik","df","conv"
"1",3363.2197652,969.397428223908,0,-39.7028545354347,2,0
