"","mu","gamma_0","gamma_1","loglik","df","conv"
"1",11.1537126075059,2.71538839647858,0,-70.0287762102658,2,0
