"","mu","gamma_0","gamma_1","loglik","df","conv"
"1",3365.32350209243,970.044873668565,0,-39.702854599291,2,0
