"","mu","gamma_0","gamma_1","loglik","df","conv"
"1",165.474238098897,49.3519666855479,0,-39.1891206010236,2,0
