"","mu","gamma_0","gamma_1","loglik","df","conv"
"1",3360.31039296263,968.354666118401,0,-39.7028545733275,2,0
