"","mu","gamma_0","gamma_1","loglik","df","conv"
"1",6343.70914480817,1134.55624063712,0,-459.45196309258,2,0
