"","mu","gamma_0","gamma_1","loglik","df","conv"
"1",0.576274496644859,0.188563158892795,0,-38.7136154483766,2,0
