"","mu","gamma_0","gamma_1","loglik","df","conv"
"1",114.598705793052,34.178561042859,0,-39.1891206010236,2,0
