"","mu","gamma_0","gamma_1","loglik","df","conv"
"1",11.1536087615892,2.71536321957739,0,-70.028776210261,2,0
