"","mu","gamma_0","gamma_1","loglik","df","conv"
"1",6363.94805201557,1138.1375299189,0,-459.451963100808,2,0
