"","mu","gamma_0","gamma_1","loglik","df","conv"
"1",14546.0181469725,3258.30362746876,0,-72.122911344922,2,0
