"","mu","gamma_0","gamma_1","loglik","df","conv"
"1",137.073395845643,23.5825199031222,0,-44.7705995633274,2,0
