"","mu","gamma_0","gamma_1","loglik","df","conv"
"1",11011.4066479441,2466.50986548708,0,-72.1229113718487,2,0
