"","mu","gamma_0","gamma_1","loglik","df","conv"
"1",7.07846374434112,1.61088788878822,0,-72.4127810284283,2,0
