"","mu","gamma_0","gamma_1","loglik","df","conv"
"1",17727.8448226381,3971.03678418031,0,-72.1229113447904,2,0
