"","mu","gamma_0","gamma_1","loglik","df","conv"
"1",0.576298619142574,0.188569849959141,0,-38.7136154484777,2,0
