"","mu","gamma_0","gamma_1","loglik","df","conv"
"1",1.29921908247325,0.235681536999795,0,-44.3562471726076,2,0
