"","mu","gamma_0","gamma_1","loglik","df","conv"
"1",3373.96069967772,972.483549241144,0,-39.7028545541283,2,0
