"","mu","gamma_0","gamma_1","loglik","df","conv"
"1",95.9125270897999,28.6054911352633,0,-39.1891206010235,2,0
