"","mu","gamma_0","gamma_1","loglik","df","conv"
"1",3367.22338920003,970.383128603185,0,-39.7028545065594,2,0
