"","mu","gamma_0","gamma_1","loglik","df","conv"
"1",121.53769353393,20.9096158526477,0,-44.7705995634679,2,0
