"","mu","gamma_0","gamma_1","loglik","df","conv"
"1",11.153574142417,2.71535138059309,0,-70.0287762102321,2,0
