"","mu","gamma_0","gamma_1","loglik","df","conv"
"1",264.071674501542,45.43168745381,0,-44.7705995633274,2,0
