"","mu","gamma_0","gamma_1","loglik","df","conv"
"1",239.689851968583,41.2369620657492,0,-44.7705995633275,2,0
