"","mu","gamma_0","gamma_1","loglik","df","conv"
"1",6335.47059219768,1133.04289905424,0,-459.451963102817,2,0
