"","mu","gamma_0","gamma_1","loglik","df","conv"
"1",7.07862635059616,1.61092846788296,0,-72.4127810284178,2,0
