"","mu","gamma_0","gamma_1","loglik","df","conv"
"1",10835.173826677,2427.13017070642,0,-72.1229113801762,2,0
