"","mu","gamma_0","gamma_1","loglik","df","conv"
"1",7.07861940315557,1.61092690336063,0,-72.412781028417,2,0
