"","mu","gamma_0","gamma_1","loglik","df","conv"
"1",165.846369870536,49.4629538766746,0,-39.1891206010235,2,0
