"","mu","gamma_0","gamma_1","loglik","df","conv"
"1",97.9310788317415,16.8483578756474,0,-44.7705995633274,2,0
