"","mu","gamma_0","gamma_1","loglik","df","conv"
"1",13432.1574558023,3008.78317725182,0,-72.1229113458989,2,0
