"","mu","gamma_0","gamma_1","loglik","df","conv"
"1",3374.36436136196,972.72702925618,0,-39.7028548284062,2,0
