"","mu","gamma_0","gamma_1","loglik","df","conv"
"1",143.933803193668,42.9276456320882,0,-39.1891206010251,2,0
