"","mu","gamma_0","gamma_1","loglik","df","conv"
"1",197.002069526311,33.8928309992731,0,-44.7705995633274,2,0
