"","mu","gamma_0","gamma_1","loglik","df","conv"
"1",116.780089050879,20.0912110137941,0,-44.7705995633302,2,0
