"","mu","gamma_0","gamma_1","loglik","df","conv"
"1",7.07851038987958,1.61090352487391,0,-72.4127810284356,2,0
