"","mu","gamma_0","gamma_1","loglik","df","conv"
"1",11.1535174889666,2.71533693490508,0,-70.0287762102289,2,0
