"","mu","gamma_0","gamma_1","loglik","df","conv"
"1",3370.58487727775,971.343236562796,0,-39.702854523357,2,0
