"","mu","gamma_0","gamma_1","loglik","df","conv"
"1",14988.5519421915,3357.44007154562,0,-72.1229113448664,2,0
