"","mu","gamma_0","gamma_1","loglik","df","conv"
"1",11.1535453115044,2.71534258449204,0,-70.0287762102308,2,0
