"","mu","gamma_0","gamma_1","loglik","df","conv"
"1",3345.81533351378,964.447980023046,0,-39.7028548431424,2,0
