"","mu","gamma_0","gamma_1","loglik","df","conv"
"1",181.291731484006,54.0816175156101,0,-39.189120931772,2,0
