"","mu","gamma_0","gamma_1","loglik","df","conv"
"1",11.1534419578684,2.71531837649358,0,-70.0287762102272,2,0
