"","mu","gamma_0","gamma_1","loglik","df","conv"
"1",3375.38225254669,972.869737588488,0,-39.702854541034,2,0
