"","mu","gamma_0","gamma_1","loglik","df","conv"
"1",68.1506659841101,11.7248461464023,0,-44.7705995633273,2,0
