"","mu","gamma_0","gamma_1","loglik","df","conv"
"1",88.5479599509838,26.4090412143775,0,-39.1891206010233,2,0
