"","mu","gamma_0","gamma_1","loglik","df","conv"
"1",11.1537304431547,2.71539093977011,0,-70.0287762102487,2,0
