"","mu","gamma_0","gamma_1","loglik","df","conv"
"1",154.015096731323,45.934329558004,0,-39.1891206010236,2,0
