"","mu","gamma_0","gamma_1","loglik","df","conv"
"1",1.29924402357871,0.235685822841654,0,-44.3562471724594,2,0
