"","mu","gamma_0","gamma_1","loglik","df","conv"
"1",0.576263159386251,0.18855940536613,0,-38.7136154483712,2,0
