"","mu","gamma_0","gamma_1","loglik","df","conv"
"1",11.1536283412683,2.71536385903525,0,-70.0287762102334,2,0
