"","mu","gamma_0","gamma_1","loglik","df","conv"
"1",1.29924938594667,0.235686027752275,0,-44.356247172258,2,0
