"","mu","gamma_0","gamma_1","loglik","df","conv"
"1",11.1532541360198,2.7152744695922,0,-70.0287762102336,2,0
