"","mu","gamma_0","gamma_1","loglik","df","conv"
"1",13629.3553880689,3052.98110140321,0,-72.1229113452714,2,0
