"","mu","gamma_0","gamma_1","loglik","df","conv"
"1",146.228735027783,43.6120785390577,0,-39.1891206010235,2,0
