"","mu","gamma_0","gamma_1","loglik","df","conv"
"1",3351.77387361152,965.777152263937,0,-39.7028549535058,2,0
