"","mu","gamma_0","gamma_1","loglik","df","conv"
"1",7.07852629174003,1.61090617975998,0,-72.4127810284166,2,0
