"","mu","gamma_0","gamma_1","loglik","df","conv"
"1",3355.53681295145,967.116457501791,0,-39.7028545289967,2,0
