"","mu","gamma_0","gamma_1","loglik","df","conv"
"1",6358.94907781076,1137.28452232348,0,-459.45196310142,2,0
