"","mu","gamma_0","gamma_1","loglik","df","conv"
"1",13560.9804406933,3037.65126321879,0,-72.1229113453694,2,0
