"","mu","gamma_0","gamma_1","loglik","df","conv"
"1",3357.58228016374,967.788469649757,0,-39.7028545868158,2,0
