"","mu","gamma_0","gamma_1","loglik","df","conv"
"1",107.118991190057,18.4290679428893,0,-44.7705995633281,2,0
