"","mu","gamma_0","gamma_1","loglik","df","conv"
"1",7.07863547788522,1.61092781791033,0,-72.4127810284195,2,0
