"","mu","gamma_0","gamma_1","loglik","df","conv"
"1",16689.4765725278,3738.44361889034,0,-72.1229113447943,2,0
