"","mu","gamma_0","gamma_1","loglik","df","conv"
"1",3377.34588347233,973.453860693645,0,-39.7028545803612,2,0
