"","mu","gamma_0","gamma_1","loglik","df","conv"
"1",6290.64974256466,1124.95424393886,0,-459.451963688174,2,0
