"","mu","gamma_0","gamma_1","loglik","df","conv"
"1",11.1531367823633,2.71524462854502,0,-70.0287762102332,2,0
