"","mu","gamma_0","gamma_1","loglik","df","conv"
"1",3350.92733094038,965.991890606296,0,-39.7028549463509,2,0
