"","mu","gamma_0","gamma_1","loglik","df","conv"
"1",6372.93273402865,1139.75138110337,0,-459.451963101675,2,0
