"","mu","gamma_0","gamma_1","loglik","df","conv"
"1",3364.72716778318,969.688514595397,0,-39.7028544867734,2,0
