"","mu","gamma_0","gamma_1","loglik","df","conv"
"1",0.576272607828684,0.188562608870626,0,-38.7136154483837,2,0
