"","mu","gamma_0","gamma_1","loglik","df","conv"
"1",255.568148232352,43.9677131552344,0,-44.7705995668618,2,0
