"","mu","gamma_0","gamma_1","loglik","df","conv"
"1",6319.75168943985,1130.24842179367,0,-459.451963105217,2,0
