"","mu","gamma_0","gamma_1","loglik","df","conv"
"1",142.035688602942,24.436248361678,0,-44.7705995633274,2,0
