"","mu","gamma_0","gamma_1","loglik","df","conv"
"1",11.1534513510647,2.71531800226908,0,-70.0287762102375,2,0
