"","mu","gamma_0","gamma_1","loglik","df","conv"
"1",6400.94517232358,1144.79726594797,0,-459.451963199234,2,0
