"","mu","gamma_0","gamma_1","loglik","df","conv"
"1",3375.40280155179,972.941851699081,0,-39.7028546327474,2,0
