"","mu","gamma_0","gamma_1","loglik","df","conv"
"1",11.1536355720997,2.71536329215973,0,-70.0287762102405,2,0
