"","mu","gamma_0","gamma_1","loglik","df","conv"
"1",16586.1552967222,3715.29764203877,0,-72.1229113447956,2,0
