"","mu","gamma_0","gamma_1","loglik","df","conv"
"1",13437.190782154,3009.94300472351,0,-72.1229113455743,2,0
