"","mu","gamma_0","gamma_1","loglik","df","conv"
"1",11.153178885201,2.71525196896871,0,-70.0287762102389,2,0
