"","mu","gamma_0","gamma_1","loglik","df","conv"
"1",11.1535320764973,2.71534143292355,0,-70.0287762102315,2,0
