"","mu","gamma_0","gamma_1","loglik","df","conv"
"1",11.1534458709225,2.715317265915,0,-70.0287762102333,2,0
