"","mu","gamma_0","gamma_1","loglik","df","conv"
"1",0.576267834545237,0.188560537873715,0,-38.7136154483203,2,0
