"","mu","gamma_0","gamma_1","loglik","df","conv"
"1",87.1414396258936,25.9895519239109,0,-39.1891206010231,2,0
