"","mu","gamma_0","gamma_1","loglik","df","conv"
"1",147.05379444863,43.8581520924675,0,-39.1891206010236,2,0
