"","mu","gamma_0","gamma_1","loglik","df","conv"
"1",3387.63645657081,976.321376888341,0,-39.7028546913274,2,0
