"","mu","gamma_0","gamma_1","loglik","df","conv"
"1",280.801733004795,48.3099655019699,0,-44.7705995633277,2,0
