"","mu","gamma_0","gamma_1","loglik","df","conv"
"1",7.07843112452474,1.61088471399297,0,-72.4127810284236,2,0
