"","mu","gamma_0","gamma_1","loglik","df","conv"
"1",117.455131348478,20.2073345780395,0,-44.7705995633273,2,0
