"","mu","gamma_0","gamma_1","loglik","df","conv"
"1",230.047596727634,39.578063338783,0,-44.7705995633288,2,0
