"","mu","gamma_0","gamma_1","loglik","df","conv"
"1",11.1533109008599,2.71528485640311,0,-70.0287762102309,2,0
