"","mu","gamma_0","gamma_1","loglik","df","conv"
"1",17603.7466717819,3943.23923723599,0,-72.1229113447904,2,0
