"","mu","gamma_0","gamma_1","loglik","df","conv"
"1",14863.0520820152,3329.31498710091,0,-72.1229113449361,2,0
