"","mu","gamma_0","gamma_1","loglik","df","conv"
"1",154.056717782453,26.5043829707287,0,-44.7705995633274,2,0
