"","mu","gamma_0","gamma_1","loglik","df","conv"
"1",3366.87076964127,970.475147611635,0,-39.7028545720419,2,0
