"","mu","gamma_0","gamma_1","loglik","df","conv"
"1",6331.86042832516,1132.40338322655,0,-459.451963095018,2,0
