"","mu","gamma_0","gamma_1","loglik","df","conv"
"1",96.4938590296762,28.7788709360791,0,-39.1891206010235,2,0
