"","mu","gamma_0","gamma_1","loglik","df","conv"
"1",7.07861205439887,1.61092393929992,0,-72.4127810284081,2,0
