"","mu","gamma_0","gamma_1","loglik","df","conv"
"1",17434.5450649174,3905.33923515984,0,-72.1229113447917,2,0
