"","mu","gamma_0","gamma_1","loglik","df","conv"
"1",6368.79198551871,1139.01520574122,0,-459.451963090341,2,0
