"","mu","gamma_0","gamma_1","loglik","df","conv"
"1",11.1535303214319,2.71533939715386,0,-70.0287762102294,2,0
