"","mu","gamma_0","gamma_1","loglik","df","conv"
"1",3375.03602653598,972.797966924462,0,-39.7028545690971,2,0
