"","mu","gamma_0","gamma_1","loglik","df","conv"
"1",6323.0685473797,1130.83630960008,0,-459.451963102275,2,0
