"","mu","gamma_0","gamma_1","loglik","df","conv"
"1",17632.0140840412,3949.57094857783,0,-72.1229113447905,2,0
