"","mu","gamma_0","gamma_1","loglik","df","conv"
"1",3362.84094069191,969.306197624062,0,-39.7028545623459,2,0
