"","mu","gamma_0","gamma_1","loglik","df","conv"
"1",11.1535038917805,2.71533637856323,0,-70.0287762102423,2,0
