"","mu","gamma_0","gamma_1","loglik","df","conv"
"1",41.185306500112,12.2844158790744,0,-39.1891198844303,2,0
