"","mu","gamma_0","gamma_1","loglik","df","conv"
"1",32.608696279801,7.40950982990161,0,-72.4267061722916,2,0
