"","mu","gamma_0","gamma_1","loglik","df","conv"
"1",1.29927492252416,0.235690844370125,0,-44.3562471727569,2,0
