"","mu","gamma_0","gamma_1","loglik","df","conv"
"1",3374.27390139466,972.351017688997,0,-39.7028546261701,2,0
