"","mu","gamma_0","gamma_1","loglik","df","conv"
"1",269.188513774229,46.3120304814712,0,-44.7705995633299,2,0
