"","mu","gamma_0","gamma_1","loglik","df","conv"
"1",6370.86688172661,1139.36195119293,0,-459.451963145925,2,0
