"","mu","gamma_0","gamma_1","loglik","df","conv"
"1",204.723715963671,35.2212852831765,0,-44.7705995633274,2,0
