"","mu","gamma_0","gamma_1","loglik","df","conv"
"1",201.367198358876,34.6438167515298,0,-44.7705995633274,2,0
