"","mu","gamma_0","gamma_1","loglik","df","conv"
"1",7.07858406327277,1.61091579441596,0,-72.4127810284186,2,0
