"","mu","gamma_0","gamma_1","loglik","df","conv"
"1",94.5505063714777,28.1992758219752,0,-39.1891206010236,2,0
