"","mu","gamma_0","gamma_1","loglik","df","conv"
"1",7.0784346046666,1.61088529894299,0,-72.41278102842,2,0
