"","mu","gamma_0","gamma_1","loglik","df","conv"
"1",0.576280152505593,0.18856358656024,0,-38.7136154483706,2,0
