"","mu","gamma_0","gamma_1","loglik","df","conv"
"1",65.4508619524208,11.2603634486855,0,-44.7705995633273,2,0
