"","mu","gamma_0","gamma_1","loglik","df","conv"
"1",6373.80036498407,1139.89658554313,0,-459.451963121646,2,0
