"","mu","gamma_0","gamma_1","loglik","df","conv"
"1",6360.4466240687,1137.55108493055,0,-459.451963099757,2,0
