"","mu","gamma_0","gamma_1","loglik","df","conv"
"1",224.86296050622,38.6860658888855,0,-44.7705995633329,2,0
