"","mu","gamma_0","gamma_1","loglik","df","conv"
"1",3364.49024823294,969.511766258227,0,-39.7028546441776,2,0
