"","mu","gamma_0","gamma_1","loglik","df","conv"
"1",0.576267560362205,0.188560694986223,0,-38.713615448335,2,0
