"","mu","gamma_0","gamma_1","loglik","df","conv"
"1",173.51083629652,29.8513149037971,0,-44.7705995633285,2,0
