"","mu","gamma_0","gamma_1","loglik","df","conv"
"1",131.210385186351,39.1330949837347,0,-39.1891206011517,2,0
