"","mu","gamma_0","gamma_1","loglik","df","conv"
"1",6382.77796677244,1141.50591907537,0,-459.451963132338,2,0
