"","mu","gamma_0","gamma_1","loglik","df","conv"
"1",6357.83022464847,1137.03286178841,0,-459.451963123338,2,0
