"","mu","gamma_0","gamma_1","loglik","df","conv"
"1",3362.48436334477,969.246092727817,0,-39.7028546431166,2,0
