"","mu","gamma_0","gamma_1","loglik","df","conv"
"1",53.5730448605557,12.1555877000501,0,-72.4336680409749,2,0
