"","mu","gamma_0","gamma_1","loglik","df","conv"
"1",0.576272482634331,0.188561658516778,0,-38.7136154483116,2,0
