"","mu","gamma_0","gamma_1","loglik","df","conv"
"1",11.1536025749891,2.71535731339778,0,-70.028776210232,2,0
