"","mu","gamma_0","gamma_1","loglik","df","conv"
"1",112.490295724681,33.549738054018,0,-39.1891206010236,2,0
