"","mu","gamma_0","gamma_1","loglik","df","conv"
"1",7.07846153793375,1.61089108200131,0,-72.4127810284131,2,0
