"","mu","gamma_0","gamma_1","loglik","df","conv"
"1",3372.67882031089,972.034416071702,0,-39.7028544905032,2,0
