"","mu","gamma_0","gamma_1","loglik","df","conv"
"1",1.29924063127834,0.235684200168738,0,-44.3562471721787,2,0
