"","mu","gamma_0","gamma_1","loglik","df","conv"
"1",3372.29556085352,971.872213516319,0,-39.7028545006322,2,0
