"","mu","gamma_0","gamma_1","loglik","df","conv"
"1",3364.11903640014,969.749491112168,0,-39.7028547174159,2,0
