"","mu","gamma_0","gamma_1","loglik","df","conv"
"1",17781.4393089732,3983.04122049999,0,-72.1229113447911,2,0
