"","mu","gamma_0","gamma_1","loglik","df","conv"
"1",11.1535468562363,2.71534411997575,0,-70.0287762102299,2,0
