"","mu","gamma_0","gamma_1","loglik","df","conv"
"1",3365.38008070062,970.105796384511,0,-39.7028546984296,2,0
