"","mu","gamma_0","gamma_1","loglik","df","conv"
"1",11.1531933863796,2.71525833273607,0,-70.0287762102306,2,0
