"","mu","gamma_0","gamma_1","loglik","df","conv"
"1",61.8033256227587,10.6328298384769,0,-44.7705995633267,2,0
