"","mu","gamma_0","gamma_1","loglik","df","conv"
"1",106.291368617664,31.7009368128174,0,-39.1891206010236,2,0
