"","mu","gamma_0","gamma_1","loglik","df","conv"
"1",15030.2159796916,3366.77158756125,0,-72.1229113448534,2,0
