"","mu","gamma_0","gamma_1","loglik","df","conv"
"1",1.29926823477102,0.235689624815903,0,-44.3562471725898,2,0
