"","mu","gamma_0","gamma_1","loglik","df","conv"
"1",3362.2320010657,969.01634454346,0,-39.7028544767049,2,0
