"","mu","gamma_0","gamma_1","loglik","df","conv"
"1",11.1533313716736,2.71528891257069,0,-70.0287762102363,2,0
