"","mu","gamma_0","gamma_1","loglik","df","conv"
"1",3376.1856506759,972.988026482826,0,-39.7028545334747,2,0
