"","mu","gamma_0","gamma_1","loglik","df","conv"
"1",76.8274230366167,13.2176212595256,0,-44.7705995633274,2,0
