"","mu","gamma_0","gamma_1","loglik","df","conv"
"1",77.2468030459304,13.289766232539,0,-44.770599563329,2,0
