"","mu","gamma_0","gamma_1","loglik","df","conv"
"1",11.1532733065778,2.71527891500043,0,-70.028776210232,2,0
