"","mu","gamma_0","gamma_1","loglik","df","conv"
"1",3364.43788205301,969.512262629236,0,-39.7028546115817,2,0
