"","mu","gamma_0","gamma_1","loglik","df","conv"
"1",3372.84470894736,972.175919181664,0,-39.7028545644241,2,0
