"","mu","gamma_0","gamma_1","loglik","df","conv"
"1",3360.94202222234,968.667981058008,0,-39.702854485292,2,0
