"","mu","gamma_0","gamma_1","loglik","df","conv"
"1",6326.86567402023,1131.56186722714,0,-459.451963164134,2,0
