"","mu","gamma_0","gamma_1","loglik","df","conv"
"1",3360.85494915122,968.675996177172,0,-39.7028545027918,2,0
