"","mu","gamma_0","gamma_1","loglik","df","conv"
"1",0.576272083516208,0.188562024822043,0,-38.7136154483126,2,0
