"","mu","gamma_0","gamma_1","loglik","df","conv"
"1",11.1536038167738,2.71535622428847,0,-70.0287762102353,2,0
