"","mu","gamma_0","gamma_1","loglik","df","conv"
"1",126.440823598973,37.7104201301643,0,-39.1891206010236,2,0
