"","mu","gamma_0","gamma_1","loglik","df","conv"
"1",17017.2078084016,3811.85484694614,0,-72.122911344792,2,0
