"","mu","gamma_0","gamma_1","loglik","df","conv"
"1",7.07858093346492,1.61091833210404,0,-72.4127810284153,2,0
