"","mu","gamma_0","gamma_1","loglik","df","conv"
"1",11.1533089905012,2.71528946089885,0,-70.0287762102461,2,0
