"","mu","gamma_0","gamma_1","loglik","df","conv"
"1",159.198525298783,27.3890000517527,0,-44.7705995633278,2,0
