"","mu","gamma_0","gamma_1","loglik","df","conv"
"1",11.1534181510329,2.71531155846862,0,-70.0287762102283,2,0
