"","mu","gamma_0","gamma_1","loglik","df","conv"
"1",0.576286520807214,0.188566265663071,0,-38.7136154483392,2,0
