"","mu","gamma_0","gamma_1","loglik","df","conv"
"1",0.576285635991251,0.188566049845359,0,-38.7136154483364,2,0
