"","mu","gamma_0","gamma_1","loglik","df","conv"
"1",11.1534648070191,2.71532201197238,0,-70.0287762102327,2,0
