"","mu","gamma_0","gamma_1","loglik","df","conv"
"1",3377.29520204654,973.142723811549,0,-39.7028548413783,2,0
