"","mu","gamma_0","gamma_1","loglik","df","conv"
"1",3358.04038197053,967.914682532495,0,-39.7028545747032,2,0
