"","mu","gamma_0","gamma_1","loglik","df","conv"
"1",130.362603239265,38.8800736070059,0,-39.1891206010236,2,0
