"","mu","gamma_0","gamma_1","loglik","df","conv"
"1",132.760338332794,39.5948228266165,0,-39.1891206015824,2,0
