"","mu","gamma_0","gamma_1","loglik","df","conv"
"1",0.576284574112405,0.188565700012292,0,-38.7136154483273,2,0
