"","mu","gamma_0","gamma_1","loglik","df","conv"
"1",15943.6209572435,3571.37490237527,0,-72.1229113448158,2,0
