"","mu","gamma_0","gamma_1","loglik","df","conv"
"1",11.1532111326483,2.71526114590168,0,-70.028776210231,2,0
