"","mu","gamma_0","gamma_1","loglik","df","conv"
"1",1.29923247910715,0.235680974570627,0,-44.3562471723889,2,0
