"","mu","gamma_0","gamma_1","loglik","df","conv"
"1",3372.09556896876,971.807737973786,0,-39.7028545039666,2,0
