"","mu","gamma_0","gamma_1","loglik","df","conv"
"1",6376.45110416994,1140.40846444224,0,-459.451963113078,2,0
