"","mu","gamma_0","gamma_1","loglik","df","conv"
"1",7.07860667978368,1.61092179806937,0,-72.4127810284108,2,0
