"","mu","gamma_0","gamma_1","loglik","df","conv"
"1",105.961420915135,18.2299197430124,0,-44.7705995633275,2,0
