"","mu","gamma_0","gamma_1","loglik","df","conv"
"1",6372.77929007637,1139.77951909201,0,-459.451963193613,2,0
