"","mu","gamma_0","gamma_1","loglik","df","conv"
"1",0.576271055590732,0.18856067263636,0,-38.7136154484245,2,0
