"","mu","gamma_0","gamma_1","loglik","df","conv"
"1",128.59848118684,22.1244699242465,0,-44.7705995633274,2,0
