"","mu","gamma_0","gamma_1","loglik","df","conv"
"1",3360.62350349953,968.425895617751,0,-39.7028546036845,2,0
