"","mu","gamma_0","gamma_1","loglik","df","conv"
"1",170.37085592123,29.3111152905216,0,-44.7705995633274,2,0
