"","mu","gamma_0","gamma_1","loglik","df","conv"
"1",11.1532050779238,2.71526114799875,0,-70.0287762102301,2,0
