"","mu","gamma_0","gamma_1","loglik","df","conv"
"1",6355.48929186442,1136.67261202861,0,-459.451963117787,2,0
