"","mu","gamma_0","gamma_1","loglik","df","conv"
"1",3376.25133885172,973.11259736748,0,-39.7028545428273,2,0
