"","mu","gamma_0","gamma_1","loglik","df","conv"
"1",16338.5444421629,3659.83346084335,0,-72.122911344797,2,0
