"","mu","gamma_0","gamma_1","loglik","df","conv"
"1",17228.495420054,3859.18353295044,0,-72.1229113447915,2,0
