"","mu","gamma_0","gamma_1","loglik","df","conv"
"1",3390.71410799599,977.04921823583,0,-39.70285495076,2,0
