"","mu","gamma_0","gamma_1","loglik","df","conv"
"1",11.1533636516415,2.71530247176472,0,-70.0287762102427,2,0
