"","mu","gamma_0","gamma_1","loglik","df","conv"
"1",16613.4440206151,3721.40856739355,0,-72.1229113448012,2,0
