"","test","pool","clade","metric","mean.of.diff","t.value","df","p.value","conf.low","conf.high"
"1","Pools","Ecrins_Summits","Spermatophyta","mntd",-1.45087108544048,-8.37605568492761,14,7.99055348e-07,-1.82238353795882,"-1.07935863292215"
"2","Pools","Ecrins_Summits","Spermatophyta","mpd",-0.206217155628098,-6.82475009669976,14,8.261861533e-06,-0.271024189430742,"-0.141410121825454"
"3","Pools","Ecrins_LGM","Spermatophyta","mntd",-1.89444579640408,-7.64300634665864,14,2.320316189e-06,-2.42606672419327,"-1.36282486861489"
"4","Pools","Ecrins_LGM","Spermatophyta","mpd",-0.958981708862951,-3.25181540595218,14,0.005791747143937,-1.59149338199209,"-0.326470035733812"
"5","Pools","Ecrins_Summits","Clades","mntd",-0.455147224264783,-7.26956316232298,67,4.97719e-10,-0.580117272898851,"-0.330177175630715"
"6","Pools","Ecrins_Summits","Clades","mpd",-0.404626627674286,-7.31824713400045,67,4.06918e-10,-0.514986132390475,"-0.294267122958097"
"7","Pools","Ecrins_LGM","Clades","mntd",-0.515012742033395,-7.9377415599031,66,3.4222e-11,-0.644552877384374,"-0.385472606682415"
"8","Pools","Ecrins_LGM","Clades","mpd",-0.463275366981706,-7.4421501638216,66,2.63651e-10,-0.587561909651758,"-0.338988824311654"
